{
  "knn": {
    "accuracy": 0.9333333333333333,
    "classification_report": {
      "setosa": {
        "precision": 1.0,
        "recall": 1.0,
        "f1-score": 1.0,
        "support": 10.0
      },
      "versicolor": {
        "precision": 0.8333333333333334,
        "recall": 1.0,
        "f1-score": 0.9090909090909091,
        "support": 10.0
      },
      "virginica": {
        "precision": 1.0,
        "recall": 0.8,
        "f1-score": 0.8888888888888888,
        "support": 10.0
      },
      "accuracy": 0.9333333333333333,
      "macro avg": {
        "precision": 0.9444444444444445,
        "recall": 0.9333333333333332,
        "f1-score": 0.9326599326599326,
        "support": 30.0
      },
      "weighted avg": {
        "precision": 0.9444444444444445,
        "recall": 0.9333333333333333,
        "f1-score": 0.9326599326599326,
        "support": 30.0
      }
    }
  },
  "hdbscan": {
    "ari": 0.539408633653917,
    "nmi": 0.6777946090298758,
    "n_clusters": 2,
    "n_noise": 2
  }
}